{
	"schemaVersion": 1,
	"id": "$[MOD_ID]$",
	"version": "${version}",
	"name": "$[MOD_NAME]$",
	"description": "$[MOD_DESCRIPTION]$",
	"authors": [
		"$[PROJECT_AUTHOR]$"
	],
	"contact": {
		"homepage": "https://fabricmc.net/",
		"sources": "$[PROJECT_GIT]$"
	},
	"license": "CC0-1.0",
	"icon": "assets/$[MOD_ID]$/icon.png",
	"environment": "*",
	"entrypoints": {
		"main": [
			"$[MOD_MAINCLASS]$"
		]
	},
	"mixins": [
		"$[MOD_ID]$.mixins.json"
	],
	"depends": {
		"fabricloader": ">=$[FABRIC_LOADER_VERSION]$",
		"minecraft": "~$[MINECRAFT_VERSION]$",
		"java": ">=$[JAVA_VERSION]$",
		"fabric-api": "*"
	}
}